smiles,score
CC(C)(Cn1c(nc(n1)c2ccco2)[C@H](Cc3c[nH]c4c3cccc4)[NH3+])O,10.377799987792969
Cc1c(nc[nH]1)C[N@@]2C[C@@H]3CC[C@H](C2)[N@H+](C3)Cc4cc(no4)c5ccccc5,10.085783004760742
CCn1ccc(n1)C[N@@H+](C)C[C@H]2Cc3ccccc3C[N@@]2C,10.013556480407715
Cc1ccccc1c2ncc(cn2)C[N@@]3C[C@H](C[C@H]3C(=O)NC(C)C)[NH3+],9.996880531311035
Cc1ccc2c(c1)c3c4n2CC[N@@H+]([C@H]4CCC3)C[C@H](C[NH2+]Cc5ccccc5)O,9.969998359680176
CNc1c(cccn1)C[N@@H+]2CCC[C@@H](C2)c3cc(nc(n3)c4cccs4)O,9.969998359680176
c1ccc(cc1)CC/[NH+]=C(\N)/[NH+]=C(N)N,9.937253952026367
CCc1ccc(cc1)OC[C@@H](C[N@@H+]2CCc3c(c(ncn3)OC)C2)O,9.916945457458496
c1cc(c(cc1C[N@@H+]2CC[N@](C[C@H]2CCO)Cc3ccc4c(c3)non4)F)F,9.904580116271973
c1ccc2c(c1)cc(s2)C[N@H+]3CC[C@H]4[C@H](C3)CCCN4C(=O)c5c6ccccc6c(=O)[nH]n5,9.901040077209473
CC(=CCC/C(=C\C[N@H+]1CCCn2c(cc(n2)[C@@H](C3CC3)O)C1)/C)C,9.901040077209473
CC(C)Oc1ccccc1c2ccc(cc2)[C@@H](C[NH+]3CCOCC3)O,9.889394760131836
Cc1c([nH]cn1)C[N@@H+](C)C[C@@H]2CCCC[N@@]2C,9.862549781799316
COc1ccccc1CNC(=O)C[NH+]2CCC(CC2)[NH+]3CCCCC3,9.855562210083008
Cc1cccc(c1)[C@@H](C(=O)N2CCC3(CC2)CC(=O)NC3)[NH+](C)C,9.854264259338379
c1ccc(cc1)C(c2ccccc2)[NH+]3CCN(CC3)C[C@@H](COc4ccccc4Cl)O,9.85370922088623
c1ccc(cc1)[C@@H](c2ccc(nc2)N3CCCc4c3cccc4)[NH3+],9.849664688110352
CCn1cc(c2c1cncc2)[C@H](c3ccc(cc3)F)NC(=O)[C@@H](CC(C)C)[NH3+],9.849664688110352
Cc1c(c(no1)C(=O)Nc2cccc(c2)c3nc4ccccc4s3)C[NH+](C)C,9.82235336303711
Cc1ccc(cn1)C(=O)N2CCC(CC2)c3[nH+]ccn3CCC[NH+](C)C,9.82235336303711
Cc1ccc(c(c1)NC(=O)C2CCN(CC2)C(=O)C3CC3)NC(=O)C[NH+](C)C,9.82235336303711
CC(C)[NH+]1CCC(CC1)[N@H+]2CCC[C@@H]2C(=O)Nc3cccc(c3)n4cccn4,9.818010330200195
Cc1ccc(cc1)N\2[C@@H]3CS(=O)(=O)C[C@@H]3S/C2=[NH+]\C(=O)COc4ccc(cc4)Cl,9.773512840270996
c1ccc(cc1)CN\2[C@@H]3CS(=O)(=O)C[C@@H]3S/C2=[NH+]\C(=O)CC#N,9.751774787902832
c1ccc(c(c1)C[N@@H+]2CCC[C@@H](C2)c3nc4ccc(cn4n3)N5CCOCC5)F,9.748627662658691
COC(=O)CC[C@@H]1C[N@@H+](CC[C@H]1[NH+]2CCN(CC2)c3cccc(c3)C(F)(F)F)Cc4ccccc4,9.740092277526855
CCC[NH+]1CCC(CC1)[N@H+]2CC[C@H]3CCCC[C@H]3C2,9.734770774841309
C[C@H]1CCc2c(c3cc(ccc3[nH]2)C(=O)NC[C@H](C(C)C)[NH+](C)C)C1,9.718537330627441
CCn1c(c(cn1)CNC(=O)[C@H](c2ccc3c(c2)OCO3)[NH+](C)C)C,9.693896293640137
c1ccc(c(c1)C(F)(F)F)NC(=O)C[N@@H+]2C[C@@H]([C@@]3(C2)CCCC(=O)N3)c4cccc(c4)F,9.688386917114258
Cc1cc(cc(n1)[C@@H]2CCC[N@@H+](C2)Cc3ccnn3C)Nc4ccc(cc4)F,9.688386917114258
Cn1c2ccccc2cc1C[N@H+](CCCOC)C3CC[NH+](CC3)C,9.658223152160645
c1cc(nc2c1cc(cc2)F)C[N@H+]3CCCC[C@@H]3CC[NH+]4CCCC4,9.654297828674316
Cc1ccc(cc1)C[N@@H+]2CC[C@@]3(C2)C[C@H](CO3)OCC4CCOCC4,9.648615837097168
Cc1ccc2c(c1)c(c([nH]2)C(=O)[O-])C[NH+]3CCC4(CC[N@@H+](C4)C)CC3,9.635724067687988
C[NH+](C)[C@H]1C[N@@](C[C@@H]1c2ccc(cc2)OC)Cc3c[nH]cn3,9.625557899475098
Cc1ccnc(n1)NC[C@@H](c2ccccc2)[NH+]3CCCCC3,9.623627662658691
Cc1ccc(cc1)NCc2ccc(cc2)C(=O)NCCCC[NH+]3CCCC3,9.623627662658691
Cc1cccc(c1)[C@@H](C(=O)NCC2(CCCC2)[NH+]3CCN(CC3)C)[NH+](C)C,9.62224292755127
c1ccc2c(c1)CC[N@H+](C2)[C@H]3[C@@H](C[C@@H]([C@@H]3O)NC(=O)c4ccccn4)O,9.618420600891113
c1cc2c(cc1c3coc4cc(ccc4c3=O)OC(=O)C[NH3+])OCCO2,9.609424591064453
CC(C)n1cc(nc1)[C@H]2C[N@@H+](C[C@]23CCN(C3=O)Cc4cccnc4)Cc5cnn(c5)C,9.60693359375
Cn1c2c(cn1)c(cc[nH+]2)NC[C@@H](Cc3ccccc3)O,9.605895042419434
c1cc(c(cc1NC(=O)CSc2cn[nH]n2)C(=O)[O-])O,9.605895042419434
CN1c2ccccc2[C@]3(C1=O)CCCN(C3)C(=O)Cc4cccc(c4)O,9.605895042419434
C[NH+](C)CC(=O)Nc1ccccc1NC(=O)c2cccc3c2cccn3,9.562829971313477
Cc1cc(nc(n1)[C@H]2CCC[N@](C2)S(=O)(=O)C)c3[nH]cc([nH+]3)C,9.540886878967285
COC1[C@@H]2CC[C@H]1CN(C2)C(=O)c3cc(ccc3OCCC[NH3+])F,9.530108451843262
COc1ccc(cc1)[C@@H](CNC(=O)COc2ccc(cc2)OC)[NH+]3CCOCC3,9.518139839172363
Cc1ccc(c(c1)C(=O)c2ccc(cc2)C[NH+]3CCOCC3)C,9.518139839172363
Cc1ccc2c(c1)cc([nH]2)C(=O)NCC3CC[NH+](CC3)CCOC,9.518139839172363
Cn1c(cc(n1)[C@H]2CCCN2C(=O)CCCc3c[nH]c4c3cccc4)C[NH+](C)C,9.499931335449219
c1cc(cc(c1)OCC[NH3+])C(=O)N[C@@H]2COC[C@@H]2[NH+]3CCCC3,9.499817848205566
CN(C)c1ncc(s1)C[N@@H+]2CCC[C@@H](C2)C(=O)c3ccc4c5c3cccc5CC4,9.498321533203125
Cc1[nH]cc(n1)C[N@@H+]2CCOc3c(cc(cc3O)c4nc5ccccc5s4)C2,9.498321533203125
CC[NH+]1CCC(CC1)[NH2+][C@H]2CCC[C@H]([C@@H]2C)C,9.49702262878418
COC[C@H]1C[N@H+](Cc2c1nn(c2)CC3CCCC3)Cc4ccccn4,9.489574432373047
c1cc(ccc1C[N@H+]2C[C@@H]([C@@H]3[C@H]2CCCO3)N4CCCC4=O)F,9.489574432373047
COc1ccc(cc1)C[N@@H+]2CCC[C@]3(C2)C[C@H](CO3)n4ccnc4,9.489574432373047
C1CC(C1)C[N@H+]2C[C@H]3COC[C@@H]([C@@H]3C2)C(=O)N4CCOCC4,9.489574432373047
Cc1ccc(cc1)[C@@H](C[NH+]2CCC3(CC2)C[C@@H](c4cc(c(cc4O3)C)C)O)O,9.488717079162598
COc1ccccc1c2cc(n3c(n2)c(cn3)C(=O)N4CC[N@@H+]5CCC[C@H]5C4)C(F)F,9.480507850646973
C=CCOc1ccc(cc1C[NH2+]CCC[NH+]2CCOCC2)Br,9.477465629577637
C[C@H](CCc1ccc(cc1)O)NC(=O)[C@H](C)[NH+]2CCSCC2,9.477465629577637
c1cc(c2c(c1)OC(O2)(F)F)c3c4c([nH]n3)CC[N@H+](C4)[C@@H]5CCSC5,9.442726135253906
c1cc(ccc1C(=O)[C@H]2CCC[N@H+](C2)C3CSCCSC3)Cl,9.408331871032715
Cc1ccc(cc1)N2C[C@@]3(CC[N@@H+](C3)Cc4nccn4C)CC2=O,9.408331871032715
CCc1[nH]c(c(n1)C)C[N@@H+]2CCc3c(c(nn3C)C(=O)NC4CCCC4)C2,9.406956672668457
CCS(=O)(=O)c1[nH+]cc(n1CCCc2ccccc2)C[NH+](CCO)CCO,9.405853271484375
Cc1cc2ncc(c(n2n1)N)C(=O)N[C@H](CC[NH+]3CCCCC3)c4ccccc4,9.405853271484375
c1cc(cc(c1)C[NH+]2CCOCC2)CNC(=O)c3ccc(cc3)Cl,9.394033432006836
c1ccc(cc1)C[C@H](NC(=O)c2cc3c(cc2)OCCO3)[C@H]4C[C@@H](C4)O,9.386229515075684
CO[C@H]1CN(CC[C@@H]1Cc2ccccc2F)C(=O)c3cncnc3O,9.386229515075684
Cc1c(c2ccccc2[nH]1)CC(=O)N[C@@H]3C[C@@H](C34CCOCC4)O,9.386229515075684
COc1ccc(cc1)[C@@H](CNC(=O)c2ccc3c(c2)nc[nH]3)[NH+]4CCCC4,9.383009910583496
C[NH+](C)CCN1C[C@H](CC1=O)C(=O)NCCc2ccc(cc2)F,9.371369361877441
CCc1nc(no1)C[N@H+]2CCO[C@@H](C2)c3ccc4cc(ccc4c3)OC,9.348896026611328
CC(=O)c1ccc(cc1)NC(=O)C[N@H+]2CCc3cc(c(cc3[C@@H]2c4ccccc4)OC)OC,9.348896026611328
CC(=O)[C@H]1[C@H]2[C@H]([C@H]3[N@H+]1C=Cc4c3cccc4)C(=O)N(C2=O)c5ccccc5Br,9.348896026611328
CC1CC[NH+](CC1)CCCNC(=O)c2cccc(c2)Cl,9.340514183044434
c1cnccc1C[NH+]2CCN(CC2)C(=O)CCc3ccsc3,9.340514183044434
Cc1nc(cc(n1)NCCCN2CCCC2=O)C[NH3+],9.334444046020508
c1cc(cc(c1)c2cccnc2C(=O)NC3CC3)C[NH3+],9.334444046020508
c1ccc2c(c1)[nH]c(n2)C[C@H](c3ccc(cc3)Cl)[NH3+],9.334444046020508
c1cc(ccc1OC[C@@]2(CC[N@H+](C2)CC(=O)N3CCOCC3)O)F,9.320670127868652
COc1cccc(c1)[C@H](C(=O)[O-])[N@H+]2CCOc3ccc(cc3C2)Cl,9.320670127868652
Cc1ccc(c(c1)Cl)C(=O)O/[NH+]=C(/Cc2cccs2)\N,9.316764831542969
CC1(C(=O)N(C(=O)N1)CC(=O)N2C[C@H]([C@@H](C2)O)[NH+]3CCCC3)C,9.308290481567383
CCCc1cc(n(n1)C)C(=O)NC[C@H](c2ccc(cc2)F)[NH+]3CCCC3,9.30748462677002
c1cc(cc(c1)c2ccc(cc2)F)CC3(CCOCC3)C(=O)NCCC[NH+]4CCCC4,9.30748462677002
Cc1cc(n[nH]1)C[C@H]2CN(C[C@H]2O)C(=O)C[N@@H+](C)Cc3ccc(cc3)F,9.305203437805176
c1cc2[nH+]cc(n2nc1)C(=O)N[C@@H]3CCC[N@@H+](C3)C4CCCCC4,9.305203437805176
C[C@](C#N)(C1CC1)NC(=O)C[NH+]2CCN(CC2)c3ccccc3,9.304720878601074
c1ccc(c(c1)Cc2nc(on2)C[NH+](CCO)CCO)Cl,9.304720878601074
Cn1ccc2c1cc(cc2)C(=O)N3CC[NH+](CC3)Cc4ccccc4,9.304720878601074
Cc1ccc(nn1)[N@]2CCn3c(cc(n3)C[NH+]4CCSCC4)C2,9.303762435913086
C[N@H+]1CCCCC[C@@H]1C(=O)N2CCC[N@H+](CC2)C3Cc4ccccc4C3,9.299089431762695
CS(=O)(=O)NC[C@H]1CCC2(C[NH+](C2)Cc3ccc(cc3)F)OC1,9.27595329284668
Cc1cc(nc(n1)/[NH+]=C(\N)/NC2CCCCCC2)C,9.27595329284668
COc1cccc(c1)NC(=S)NCCC[NH+]2CCCCC2,9.274665832519531
CCSc1nc(c-2[n+](n1)[C@H](Nc3c2cccc3)c4ccc(c(c4)O)OC)O,9.267868041992188
Cc1cc(=O)oc2c1c(cc3c2CCC(O3)(C)C)OCC(=O)N(C)C[C@H](CO)O,9.267868041992188
c1ccnc(c1)C(=O)N2C[C@@H]3CC[C@H](C2)N(C3)C(=O)Cc4cccc(c4)O,9.267868041992188
c1cc(c(c2c1cc(c(=O)o2)c3cc(cc(c3)F)F)C[NH2+]CCC[NH+]4CCOCC4)O,9.267696380615234
Cc1[nH]c(=O)cc(n1)CNC(=O)CC[C@@H]2CCC[N@@H+](C2)C,9.262794494628906
COC(=O)C1=C(CC[N@@H+](C1)Cc2ccccc2)[NH3+],9.250572204589844
Cc1ccc2c(c1)c(c[nH]2)[C@@H](C(=O)[O-])[N@@H+]3C[C@@H]4C[C@H](C3)c5cccc(=O)n5C4,9.23768138885498
c1cc2c(cc1N/C(=[NH+]\Cc3nccs3)/N)CCC2,9.231486320495605
Cc1c(cc(n1C)C#N)C[N@@H+]2C[C@H]([C@@H](C2)NC(=O)C)c3ccc(cc3)OC,9.230640411376953
c1cc(c(cc1F)Cl)C[N@H+]2C[C@@H]([C@H](C2)O)NC(=O)c3c[nH]cn3,9.230640411376953
c1cc(cc(c1)F)C(=O)O/[NH+]=C(/c2ccc(cc2)Cl)\N,9.217978477478027
CCCc1c(nc(s1)n2cccc2)C(=O)[NH+]=c3cc[nH]cc3,9.20439338684082
COc1ccccc1C2(CC2)CNC(=O)N[C@@H]3C[C@H]4CC[C@@H]3O4,9.199810028076172
Cc1cc(cc([nH+]1)[C@H]2CC[N@H+](C2)Cc3ccncc3)NC,9.183624267578125
C[NH+]1CCC(CC1)(c2ccccc2)c3nc([nH]n3)Cc4cccs4,9.173730850219727
CC[NH+]1CCC(CC1)CNC(=O)c2[nH]c(c[nH+]2)C,9.173730850219727
CC[NH+](CC)Cc1cc(c(o1)C)C(=O)N2CC[C@@H]2c3ccc(cc3)F,9.173730850219727
CCCn1c(nnc1SCc2c3c(on2)CCCC3)O,9.167880058288574
Cc1csc(n1)CCCNC(=O)[C@@H]2CCC[C@@H](C2)O,9.167880058288574
CC[C@H](Cn1ccc(n1)c2cccc(c2)c3ccncc3)O,9.167880058288574
C[C@H]1[C@H](C[C@@H]([NH2+][C@@H]1c2ccccc2)c3ccccc3)O,9.167880058288574
C[C@@H](C(=O)[O-])[N@@H+]1CCc2cc(cc(c2C1)Cl)Cl,9.159961700439453
COc1ccc(cc1Br)[C@@H]2N=c3ccccc3=C4[N@H+]2NC(=NC4=O)SCC=C,9.151896476745605
CC(C)(C)c1ccc(cc1)C(=O)c2cccc(c2)NC(=O)C[N@@](c3ccccc3)S(=O)(=O)N(C)C,9.149630546569824
C[N@]1CCC[N@@H+](CC1)CC(=O)NCc2nnc3n2CCCC3,9.144307136535645
c1ccc(cc1)C[NH+]2CCC(CC2)NC(=S)N[C@H]3C[C@@H]4CC[C@H]3C4,9.142804145812988
c1ccc(cc1)CC[NH+](Cc2[nH]c3ccccc3n2)Cc4[nH]c5ccccc5n4,9.142804145812988
CC/[NH+]=C/1\N(C(=O)/C(=C\c2cn(c3c2cccc3)Cc4cccc(c4)C(=O)OC)/S1)CC,9.141347885131836
c1cn(nn1)C[C@@H]2CCCN(C2)/C(=[NH+]\C3CC(C3)C(F)(F)F)/O,9.134068489074707
c1ccc(cc1)C[C@H]2C[N@@H+](CC(=O)N2)Cc3ccccc3OC4CCCC4,9.115365982055664
Cc1cc(n(n1)C)C[N@@H+]2Cc3ccnn3[C@@H](C2)C(=O)N(C)C,9.115365982055664
c1cc(ccc1O[C@@H]2CC[N@H+](CC[C@H]2O)Cc3ccsc3)F,9.115365982055664
CC(=O)c1cc(cs1)C[N@H+]2CC[C@@H](C2)Cc3cccc(c3)CO,9.115365982055664
Cn1cc(cc1C#N)C[N@@H+]2CCC[C@@H](C2)COc3ccc(cc3)F,9.115365982055664
CSc1ncc(cn1)C[N@@H+]2CC[C@H](C2)CNC(=O)c3ccc[nH]3,9.115365982055664
CCc1ccc2c(c1)c(cc(=O)o2)C[N@H+](CC)CCO,9.102005004882812
c1ccc(cc1)C[NH+]2CCC(CC2)[N@@H+]3CCC[C@@H](C3)c4ccn(n4)CC(=O)[O-],9.096731185913086
COc1cccc(c1OC[C@H](C[NH+]2CCOCC2)O)C[NH2+]CCc3cccnc3,9.095372200012207
c1ccc(cc1)N2CCN(CC2)C(=O)C[N@H+]3CCC[C@H](C3)C(=O)N,9.09014892578125
CC[C@H](CNC(=O)c1ccc(o1)Br)[N@H+]2CCc3ccccc3C2,9.09014892578125
CCSc1ccccc1NC(=O)[C@@H]2CCC[N@](C2)S(=O)(=O)c3ccccc3,9.09014892578125
CC(C)(C)c1cc([nH]n1)C[N@@H+](C)CCCOc2ccccc2Cl,9.09014892578125
CN(C)c1ccc(cc1)[C@@H](CNS(=O)(=O)c2ccccc2Cl)[N@@H+]3CCc4ccccc4C3,9.09014892578125
c1ccc2c(c1)[nH]c(n2)CN3CC[NH+](CC3)CC(=O)Nc4ccc(cc4)F,9.089177131652832
c1cc(cc(c1)O)C[NH+]2CCN(CC2)Cc3ccc(cc3)C#N,9.089177131652832
c1ccc(c(c1)CCC(=O)N[C@@H]2CCC[N@@H+](C2)Cc3cccs3)Cl,9.06802749633789
Cc1cccnc1Nc2nccc(n2)[C@@H]3CCC[N@H+](C3)CC(=O)N4CCCC4,9.06802749633789
CCOC(=O)c1c2c(n(n1)CCC(C)C)CC[N@H+](C2)C3Cc4ccccc4C3,9.063376426696777
Cc1cccc(c1)c2cccc(n2)[C@@H]3CCC[N@H+](C3)CC(=O)N4CCOCC4,9.063376426696777
c1c(cc(cc1Cl)Cl)CC[N@@H+]2CCC[C@@]3(C2)C(=O)NC(=O)N3,9.063376426696777
CN1CC[NH+](CC1)[C@@H]2CCN(C[C@@H]2CCCO)C(=O)c3cc4ccccc4[nH]3,9.059659957885742
C[NH+](C)CCCn1cc[nH+]c1[C@@H]2CCCN(C2)C(=O)NCC3CCCCC3,9.059659957885742
CC(C)(C(=O)NC[C@H](c1ccc(cc1)OC)[NH+]2CCCCC2)Oc3ccc(cc3)Cl,9.028118133544922
c1ccc(cc1)O[C@@H]2[C@@H]([C@H]([C@@H]3CO[C@H]2O3)NC(=O)Nc4cccc(c4)C(F)(F)F)O,9.000256538391113
c1cc(cc(c1)Br)/C=C\2/C(=O)N(C(=S)S2)CCC(=O)Nc3ccc(cc3)O,9.000256538391113
COCC(=O)Nc1ccc2cnn(c2c1)CC3(CCN(CC3)C(=O)c4cccc(c4)F)O,9.000256538391113
CC(=O)Nc1ccccc1O[C@H]2CC[N@@H+](C2)CCCC(=O)c3ccc(cc3)F,8.999551773071289
CCSc1ncc(cn1)C[N@H+](C)Cc2cc3cc(ccc3[nH]2)F,8.999551773071289
COCc1cncc2c1CC[N@](C2)S(=O)(=O)c3cccc(c3)F,8.999551773071289
Cc1c(cnc2n1ncc2)C(=O)NC[C@@H]3CCC[N@@H+](C3)Cc4ccc(o4)Cl,8.988454818725586
C[C@@]1(C[N@H+](CCO1)C)C(=O)N2CCN(CC2)c3ccccc3,8.980890274047852
Cn1c(nnc1C[N@@H+](C)CCc2c[nH]nc2)CC3CC[NH2+]CC3,8.980890274047852
CC(=O)Nc1ccc(cc1)C[N@H+]2CCOC[C@H]2c3[nH]cc(n3)c4ccccc4,8.980890274047852
CCOC(=O)C1(CC[NH+](CC1)Cc2cc(c(cc2Cl)O)OC)CCOc3ccccc3,8.969019889831543
CC[NH+](CC)CCCNC(=O)c1c(c2ccccc2n(c1=O)Cc3ccccc3)[O-],8.96583366394043
c1cn(cn1)CC2CCN(CC2)C(=O)[C@H]3CCC(=O)N(C3)CCC[NH+]4CCOCC4,8.965365409851074
C[C@H]1[C@@H](CCO1)NC(=O)N[C@@H](C)c2ccc(cc2)N3CC[NH+](CC3)C,8.965365409851074
C/[NH+]=C(/NC[C@H]1CCOC1)\N(C)Cc2ccc(cc2)C(F)(F)F,8.964325904846191
Cc1nc(cc(n1)N2CCOCC2)[C@H]3CC[N@H+]3CCc4ccccc4,8.9387845993042
Cc1ccc(cc1)NC(=O)OC[C@H]2CCC[N@@H+]3[C@H]2CCCC3,8.9387845993042
c1c([nH]nc1[C@H]2CCC[N@@H+]2C3CCCC3)CCO,8.9387845993042
Cc1nc(on1)[C@H]2CCC[N@@H+]2Cc3ccc(cc3)c4ccccc4C(=O)[O-],8.913613319396973
CC[NH+]1CCN(CC1)c2c(ccc(n2)c3ccc(cc3)F)C(=O)N[C@@H]4CCOC(C4)(C)C,8.913076400756836
c1ccc(c(c1)C(=O)NCC2CC[NH+](CC2)[C@H]3CCOC3)Br,8.88378620147705
c1cc(cnc1)CN2CC[NH+](CC2)C[C@@H](CC(=O)Nc3ccc(cc3)O)C(=O)[O-],8.874776840209961
c1cc2c(cc1NC(=O)C[N@H+]3CCc4c(ccs4)C3)[nH]c(=O)[nH]2,8.85584831237793
c1ccc(c(c1)N2C(=O)/C(=C\[NH2+]CCCn3ccnc3)/C(=O)[NH+]=C2S)F,8.852322578430176
c1ccc2c(c1)[C@@H]([C@H](C23CC[NH+](CC3)C/C=C\c4ccco4)O)n5ccnc5,8.846783638000488
Cc1c(c(on1)C)c2ccnc(c2)C3CCN(CC3)C(=O)C[NH3+],8.840197563171387
c1ccc(cc1)[C@@H]2[C@H](CC3(CCN(CC3)C(=O)CC4(CCCCC4)O)C(=O)N2)O,8.826297760009766
C[N@]1CCc2c1ccc(c2)[C@H](CNC(=O)c3cc4ccccc4oc3=O)[NH+]5CCCCC5,8.822590827941895
c1ccc2c(c1)c3nc(nn3c(n2)SCC[NH+]4CCCCC4)c5ccco5,8.816633224487305
Cc1ccc(cc1)C[N@@H+](C)CC(=O)N[C@H](C)c2cccs2,8.804825782775879
CC(=O)Nc1ccc(cc1)C[N@@H+]2CCC[C@@H](C2)Cn3ccnc3,8.804825782775879
Cc1nc(on1)[C@@H]2CC[N@H+](C2)Cc3ccc(o3)CO,8.782923698425293
Cc1ccccc1SCC(=O)N[C@@H]2CCC[N@@H+](C2)Cc3cccnc3,8.77965259552002
CCC(=O)/[NH+]=C(/NCCc1c[nH]c2c1cccc2)\Nc3nc(cc(n3)C)C,8.769659996032715
CC(C)c1ccc(cc1)c2nc(cs2)CCC[NH3+],8.76549243927002
CC[C@H](c1ccc(c(c1)OC)OCc2ccccc2)O,8.752389907836914
c1cc(ccc1CCNC(=O)C(=O)Nc2c[nH]c(=O)[nH]c2=O)O,8.752389907836914
CCCCCCCCCCCC(=O)NCCc1ccc(c(c1)O)O,8.752389907836914
Cc1c(c2ccccc2[nH]1)C(=O)/C=C\c3ccccc3O,8.752389907836914
CCOc1ccc(cc1)/N=c\2/c(cc3ccc(cc3o2)O)C(=O)NC[C@H]4CCCO4,8.746748924255371
c1cc(c(cc1Cl)C(=O)NC[C@@H]2COCCO2)OC3CC[NH+](CC3)C4CCCC4,8.694076538085938
CCn1c(c(c(n1)C)C[NH+]2CCC3(CC2)C[C@H]3C(=O)NCc4ccccc4C(F)(F)F)C,8.658914566040039
CNC(=O)C[C@H]1C[N@@H+](Cc2n1ncc2)C3CCC3,8.647351264953613
CCc1ccc(nc1)C[N@@H+]2CCC[C@H](C2)C(=O)N3CCCC3,8.647351264953613
Cc1ccccc1CC[N@@H+]2CCC[C@@H](C2)CN(C)C(=O)C3=NN(C(=O)CC3)C,8.643421173095703
Cc1ccc(cc1)[C@H]\2[C@@H](C(=O)N/[N+]2=C\c3ccccc3Cl)NC(=O)c4ccccc4,8.626172065734863
c1cc(ccc1CCC(=O)N2C[C@@H]([C@@H](C2)CO)C[NH+]3CCC(CC3)CO)F,8.619184494018555
Cc1ccccc1Cn2cc(c3c2cccc3)/C=C/4\C(=O)N(C(=S)S4)C,8.60421371459961
CC(C)C[N@@H+](CC(=O)N1[C@@H](CC(=N1)c2cc3ccccc3o2)c4ccco4)C5CC5,8.587430000305176
CC(=O)Nc1ccc(cc1)NC(=O)C[N@@](CCc2ccccc2)S(=O)(=O)c3ccccc3,8.565546035766602
C[N@@H+]1CCc2c(c(ncn2)N(C)CCOc3cccc(c3)F)C1,8.540324211120605
C[N@]1[C@H](C[C@H](NS1(=O)=O)c2ccc(cc2)F)C(=O)NCCc3ccccc3,8.540324211120605
C[N@H+]1CCc2c(c3nncn3c(c2C#N)NCc4cccnc4)C1,8.540324211120605
c1cnn2c1C[N@@H+](C[C@H]2CN3CCCC3=O)CC4CCC4,8.538875579833984
CO[C@@H]1CC[N@@H+]([C@H]1Cc2ccccc2)Cc3cccs3,8.538875579833984
Cn1ccnc1C[N@H+]2CCC[C@@H]2C(=O)Nc3ccccc3c4ccc(cc4)OC,8.538875579833984
c1ccnc(c1)CN2CC3(CCC2=O)CC[NH+](CC3)C[C@H]4CCC=CC4,8.514307975769043
CC[N@@H+]1CCc2c(c(c3ccccc3n2)C(=O)Nc4ccccc4F)C1,8.458703994750977
C[N@@H+](Cc1cc([nH]c1)C#N)[C@@H]2C[C@@H]3CC(=O)NC[C@@H]3C2,8.458703994750977
Cc1ccc(c(c1)C)NC2=[NH+]c3nc(cc(=O)n3[C@H](N2)c4ccc(cc4)C(C)C)C,8.439728736877441
C[C@@H]1CCc2c(cccc2F)[C@@H]1NC(=O)N(C)Cc3cnccn3,8.428078651428223
CCOc1ccc(cc1C)S(=O)(=O)N[C@@H](Cc2ccccc2)C(=O)Nc3ccc(cc3C)Cl,8.428078651428223
Cc1ccccc1C(=O)Nc2c(c3c(s2)CCCC3)C(=O)NC[C@H]4CCCO4,8.428078651428223
c1ccc(cc1)[C@@H]2CCCN2C(=O)c3cccc(c3)[C@H]4CCC[NH2+]C4,8.428078651428223
Cn1c(cc(n1)C2CC2)C(=O)N[C@H](c3ccc(cc3)Cl)c4ccncc4,8.428078651428223
Cc1c2c([nH]c1C(=O)OC[C@H]3CCCO3)C[C@@H]([C@@H](C2=O)C(=O)OC)C,8.428078651428223
Cc1[nH]c2ccc(cc2n1)C(=O)N3CCN(CC3)c4ccc(cc4)OC,8.428078651428223
c1cc(ccc1CN2C[C@H](CC2=O)CNC(=O)Nc3ccc(cc3)F)F,8.428078651428223
Cc1cc([nH]c1C(=O)N2CCC[C@H](C2)C(=O)c3ccc(cc3)C(F)(F)F)C,8.428078651428223
c1ccc(cc1)S(=O)(=O)CCC(=O)NCC2CCN(CC2)c3cc[nH+]cc3,8.428078651428223
Cc1cn[nH]c1C[C@H]2CCCN(C2)C(=O)Cc3csc(n3)C,8.428078651428223
c1ccc(c(c1)CNC(=O)CSCc2ccc(cc2)Cl)n3ccnc3,8.428078651428223
C[C@H](C(=O)NCc1ccc(cc1)F)Nc2cc(ccc2OC)NC(=O)C,8.428078651428223
COc1ccccc1CNC(=O)CSc2c3cc(nn3ccn2)c4ccc(cc4)Cl,8.428078651428223
c1cc(cc(c1)C(=O)N[C@@H](CCO)C2CC2)COc3cccc(c3)F,8.428078651428223
C[C@@H]1CCCC[C@@H]1N2c3nc4ccccc4n3[C@@H](C2=O)CC(=O)Nc5ccccc5,8.428078651428223
c1ccc2c(c1)C[C@@H](NC2=O)C(=O)Nc3cccc(c3)c4cnc[nH]4,8.428078651428223
CC(C)CNC(=O)Cn1cnc2c(c1=O)c(cs2)c3ccc4c(c3)CCCC4,8.428078651428223
c1c(cc(cc1F)F)C(=O)NC[C@H]2C[C@@H]3CC[C@H]2C3,8.428078651428223
c1ccc(cc1)CCCc2cccc(c2)NC(=O)N3CC(C3)CO,8.428078651428223
CCCNC(=O)[C@H](CC)N(Cc1ccc(c(c1)Cl)Cl)C(=O)Cc2ccccc2,8.428078651428223
c1ccc(c(c1)C(=O)Nc2ccc(cc2)F)NC(=O)CSc3[nH]c4ccccc4n3,8.428078651428223
c1ccc2c(c1)cc([nH]2)C(=O)N3CCC[C@H](C3)C(=O)NC4CCCCCC4,8.428078651428223
CCOC(=O)c1c(n(c2c1cc(cc2)OCC(=O)N)C3CCCCC3)C,8.428078651428223
CCOc1ccc2c(c1)[C@@H]3C=CC[C@H]3[C@@H](N2)c4cccc(c4)[N+](=O)[O-],8.428078651428223
c1ccc2c(c1)c(c[nH]2)C(=O)CSc3[nH]c4cc(ccc4n3)Cl,8.428078651428223
Cc1cc(=O)[nH]c(n1)SCC(=O)Nc2nc(cs2)c3ccc(cc3)OC,8.428078651428223
Cc1nc(cs1)[C@H](C)n2ccnc2c3ccc(o3)c4cc[nH]n4,8.428078651428223
Cc1cc(cc(n1)N2CCC[C@H]2c3nc([nH]n3)c4ccccc4)CO,8.428078651428223
CCCc1cc([nH]n1)C(=O)NCCc2c(nn(c2C)CC)C,8.428078651428223
c1cc(cc(c1)Cl)CCNC(=O)c2cc(no2)c3cccc(c3)F,8.428078651428223
Cc1ccnc(n1)[C@@H](C2CC2)NC(=O)c3coc4c3cccc4,8.428078651428223
Cc1cccc(c1C)O[C@H](C)C(=O)Nc2ccc3c4c2cccc4CC3,8.428078651428223
Cc1ccc(c(c1)C)NC(=O)c2cccn(c2=O)Cc3ccccc3Cl,8.428078651428223
Cc1c(sc(n1)NC(=O)CSc2nnc(n2c3ccccc3)c4ccncc4)C,8.428078651428223
Cc1cccc(c1NC(=O)C[C@H](c2ccc(cc2)F)NS(=O)(=O)C)C,8.415360450744629
c1ccc(cc1)[C@H]2C[C@H]2NC(=O)COC3CC[NH2+]CC3,8.415360450744629
C[C@H](c1ccc(cn1)Cl)NC(=O)c2ccnn2C3CCCC3,8.415360450744629
Cc1csc(n1)[C@H](C)NC(=O)N[C@@](C)(CO)C2CCCCC2,8.415360450744629
c1ccc(cc1)c2ccc(o2)C[NH2+]CCOc3ccccn3,8.415360450744629
Cc1cc(c(n1C)C)C(=O)COc2ccccc2C(=O)NCc3ccccc3,8.415360450744629
CCn1ccnc1c2cccc(c2)NCc3c[nH]nc3c4cccnc4,8.415360450744629
c1cc(cc(c1)O)C[NH2+]C2(CCOCC2)CCO,8.415360450744629
Cc1ccccc1Cc2nnc3n2nc(s3)/C=C/c4ccc(cc4)Cl,8.415360450744629
COc1cccc(c1)C(=O)N2CCC[C@H]2C(=O)Nc3ccc(cc3Cl)Cl,8.415360450744629
CCOC(=O)CSc1nnc(n1c2ccccc2)CNc3ccc(cc3)F,8.415360450744629
Cc1nnc(s1)CCNC(=O)c2cccc(c2)c3ccc4c(c3)CCO4,8.415360450744629
COc1cccc(c1)OCc2cc(n[nH]2)C(=O)NCc3ccco3,8.415360450744629
CCCCCCN1CC(=O)N2CCc3c4ccccc4[nH]c3[C@@]2(C1=O)C,8.415360450744629
Cc1ccc2c(c1)c(cc(n2)c3ccc4c(c3)OCO4)C(=O)NCc5ccc(cc5)S(=O)(=O)N,8.415360450744629
Cc1cccc2c1[nH]c(=O)c(c2)C[NH2+]Cc3ccco3,8.415360450744629
CCCC(=O)Nc1cccc(c1)C(=O)NCCSc2nnc(n2CC)C,8.415360450744629
c1ccc(cc1)Cn2ccc3c2cc(cc3)C(=O)Nc4cccnc4,8.415360450744629
Cc1cccc(c1)C[C@H]2CN(CC[C@@H]2OC)C(=O)Cc3ccco3,8.415360450744629
CCOC(=O)C1=C(NC(=O)N[C@H]1c2cc(nn2c3ccccc3)c4ccccc4)C,8.415360450744629
C[C@H](CCc1ccccc1)NC(=O)Cn2c(=O)c(cc(n2)c3ccco3)N,8.415360450744629
c1c(cncc1F)NC(=O)N2CCC3(CC2)CNC(=O)O3,8.415360450744629
COC(=O)[C@@H](CSCSC)NC(=O)Nc1ccc(cc1)F,8.415360450744629
c1ccc(cc1)CCCCC(=O)N2CC[C@]3(C2)CNC(=O)CO3,8.415360450744629
Cc1cccc(c1)OCc2nnc(n2c3ccccc3)SCC#N,8.415360450744629
CC(C)c1[nH]nc(n1)SCC(=O)Nc2ccc(cc2Cl)F,8.415360450744629
Cc1ccc(c(c1)NC(=O)Nc2cc(ccc2OC)C(C)(C)C)OC,8.415360450744629
CCC(C)(C)[C@@H]1CCc2c(sc(c2C(=O)NCc3ccco3)N)C1,8.415360450744629
Cc1ccc(c(c1)F)CS(=O)(=O)NC(=O)c2cccc(c2)C#N,8.415360450744629
c1ccc(c(c1)C(=O)N2CCN(CC2)c3cccc(c3)C(F)(F)F)F,8.415360450744629
Cc1cccc(c1)CC(=O)Nc2c3c(nn2CC(=O)NCc4ccccc4)CSC3,8.415360450744629
CN([C@H]1CCC[C@H]([C@H]1O)OC)C(=O)COc2ccc(cc2)F,8.415360450744629
CCCc1nc(c(s1)CNC(=O)c2cc(=O)[nH]c3c2cccc3)C,8.415360450744629
Cc1cc(cc(c1)OCCNS(=O)(=O)c2cccc(c2)C(F)(F)F)C,8.415360450744629
c1cc(nc2c1cc[nH]2)NCc3c4c([nH]n3)CCC4,8.415360450744629
CC(C)[C@@H](C(=O)NCc1ccc(cc1)F)NC(=O)c2ccccc2F,8.415360450744629
Cn1c(ccn1)[C@@H](COC)Nc2nccc(n2)c3ccncc3,8.415360450744629
c1ccc(cc1)C(=O)Nc2cnn(c2)Cc3ccc(cc3)Cl,8.415360450744629
CC(C)CNC(=O)[C@H](Cc1ccccc1)N(Cc2ccc(cc2)Cl)C(=O)C(C)C,8.415360450744629
Cc1cccc(c1C)N2CCN(CC2)C(=O)Nc3c(ccs3)C(=O)OC,8.415360450744629
Cc1ccc(cc1Cl)C(=O)Nc2cccc(c2)c3ccc(o3)CO,8.415360450744629
c1ccc(cc1)c2ccc(o2)C[NH2+]Cc3ccc(cc3)F,8.415360450744629
Cc1cccn2c1nc(c2NC(=O)COc3ccc(cc3)C(=O)C)c4ccccc4,8.415360450744629
CCCOc1cn(nc1C(=O)Nc2ccccc2SC)c3ccc(cc3)F,8.415360450744629
C[C@@H](c1cccc(c1)n2ccnc2)NC(=O)N[C@H](C)c3ccccn3,8.415360450744629
Cc1cc(cc(c1)CC(=O)N(Cc2ccccc2)[C@@H](C)C(=O)NC(C)(C)C)C,8.415360450744629
C[C@@H](CCc1ccc(cc1)OC)NC(=O)c2ccc([nH]c2=O)C(C)(C)C,8.415360450744629
c1ccc2c(c1)c(nc(n2)NCc3ccccn3)c4ccc(cc4)Cl,8.415360450744629
CCOC(=O)c1ccccc1NC(=O)[C@@H]2CC(=O)N(C2)c3ccc(cc3)F,8.415360450744629
Cc1cc(c(c(c1)C)NC(=O)COc2ccc3c(c2)CCCC3)C,8.415360450744629
COCC(=O)N1CCC[C@@H](C1)c2cccc(n2)c3ccc(cc3)C(=O)N,8.415360450744629
c1ccc2c(c1)c(=O)n(c(n2)SCc3cccnc3)OCc4cccnc4,8.415360450744629
c1ccc(cc1)[C@]2(CCc3c(c4ccccc4[nH]3)C2)C#N,8.415360450744629
c1ccc(cc1)[C@H]2CCCN(CC2)C(=O)c3ccc(o3)CO,8.415360450744629
Cn1c2ccoc2cc1C(=O)O[C@@H](c3ccccc3)C(=O)NC4CCCCC4,8.415360450744629
Cc1ccc2c(c1)c(c[nH]2)CCNS(=O)(=O)c3cn(nc3C)C,8.415360450744629
C[C@H](c1ccccc1)N2C[C@@H](CC2=O)C(=O)Nc3ccccc3Cc4ccccc4,8.415360450744629
Cc1cc(nc(c1NC(=O)NCCCc2[nH]c3ccccc3n2)C)C,8.415360450744629
CCN(CC)C(=O)Cn1cc(c2c1cccc2)C(=O)C(=O)Nc3cccc(c3)Cl,8.415360450744629
c1ccc(cc1)NC(=O)c2c3c(sc2NC(=O)CCC(=O)[O-])CCCC3,8.415360450744629
c1ccc2c(c1)[nH]c(n2)SCC(=O)Nc3ccc(c(c3)Cl)F,8.415360450744629
CCCCCCSc1nnc2n1c(cc(n2)O)N,8.415360450744629
C[C@@H]1CCC[N@@H+](C1)Cc2ccc(c(=O)[nH]2)C(=O)N,8.413944244384766
CC[C@@H]1CCCC[N@@H+]1CCCNC(=O)c2ccc(cc2Cl)Cl,8.413944244384766
COc1ccccc1/C=C/c2nc(c(o2)N3CCC(CC3)C(=O)N)S(=O)(=O)c4ccccc4,8.408103942871094
C[C@H]1CN(C[C@]1(C)O)C(=O)CCc2cn3ccccc3[nH+]2,8.408103942871094
COc1ccc(cc1)c2c(cn(n2)c3ccccc3)C(=O)N[C@@H]4CCOc5c4cccc5,8.408103942871094
Cn1cc(cn1)[C@@H](C2CC(C2)O)NC(=O)c3cc(ccc3O)F,8.408103942871094
CCCn1c2ccc(cc2sc1=O)S(=O)(=O)N[C@H](c3ccccc3)c4cccc(c4)C,8.408103942871094
Cc1cccc(c1NC(=O)[C@@]2(CC(=NO2)Cc3ccccc3)CC(=O)[O-])C,8.408103942871094
CCN1[C@H]([C@H](CCC1=O)C(=O)NCCc2ccc(cc2)F)c3ccccc3OC,8.408103942871094
c1ccc(cc1)OCCn2cc(c3c2cccc3)C=C4C(=O)NC(=S)NC4=O,8.408103942871094
CCCNC(=O)[C@H](C)N(Cc1cccc(c1)Cl)C(=O)COc2cccc(c2C)C,8.408103942871094
c1cc(cc(c1)Cl)[C@H]2C[C@@H]2C(=O)NCC3CCC(CC3)C(=O)N,8.408103942871094
Cc1ccc(cc1)S(=O)(=O)Nc2ccc(cc2[C@H](c3ccccc3)[NH2+]CC(=O)[O-])Br,8.408103942871094
c1cc(c(c(c1)Cl)SCC[C@@H]2CCCC[NH2+]2)Cl,8.408103942871094
COc1ccccc1NC(=O)CN2C(=O)/C(=C\c3ccc(o3)c4ccc(cc4)Br)/NC2=O,8.408103942871094
c1ccc(c(c1)Cn2cc(c3c2cccc3)/C=C\4/C(=O)NC(=O)N4)C#N,8.408103942871094
c1cc(c(c(c1)Cl)Cl)OCC[C@H]2CCCC[NH2+]2,8.408103942871094
c1ccc(cc1)CNC(=O)c2ccc(cc2)n3ccnc3SCC(=O)NCc4ccccc4Cl,8.408103942871094
C[C@@H]1Cc2c[nH]nc2[C@H](C1)C(=O)Nc3ccc4c(c3)OCC4(C)C,8.408103942871094
CC[NH2+]Cc1cc(ccc1O)Nc2ccnc3c2ccc(c3)Cl,8.408103942871094
c1ccc2c(c1)c(c[nH]2)C[C@H](CO)Nc3c(cccn3)[N+](=O)[O-],8.408103942871094
CSc1ccc(cc1F)NC(=O)N2CCCC[C@@H]2c3[nH]ccn3,8.408103942871094
Cc1c(c([nH]c1C(=O)C)C)C(=O)NCc2cc3cc(ccc3[nH]2)OC,8.408103942871094
CC[C@H](c1[nH]c2ccccc2n1)NC(=O)[C@H]3CCc4cnn(c4C3)C,8.408103942871094
COc1cc(ccc1OCC(=O)N)CN(C2CCCCC2)C(=O)COc3ccc(cc3)Cl,8.408103942871094
C[C@@]1(C(=O)NC(=O)N1)c2ccc(cc2)C(=O)N3CC[C@H](C3)Cc4ccccc4,8.408103942871094
CNC(=O)[C@@H](Cc1ccccc1)N(Cc2cccc(c2)Cl)C(=O)COc3ccccc3OC,8.408103942871094
Cc1c(c(n2c(n1)nc(n2)N)C)CC(=O)N[C@@H](Cc3ccccc3)C(=O)N,8.408103942871094
c1ccc(c(c1)C(=O)N2CCc3c(c4cc(ccc4[nH]3)Cl)C2)F,8.408103942871094
COc1cc(cc(c1)OC)CN(CCc2ccccc2)C(=O)c3cc(n[nH]3)N,8.408103942871094
CC(=O)Nc1c(c(cs1)c2cccs2)C(=O)OCC(=O)N(C)Cc3cccc(c3)F,8.408103942871094
CCn1cc(c2c1cncc2)[C@@H](c3ccc(cc3)F)NC(=O)CNC(=O)C,8.408103942871094
Cc1cc(=O)[nH]c(n1)CCNC(=O)[C@H]2Cc3cccc(c3OC2)OC,8.408103942871094
CCOC(=O)c1csc(n1)NC(=O)c2c(nc(s2)n3cccc3)c4ccccc4,8.408103942871094
c1ccc(cc1)COc2ccc(cc2)/C=C/C[NH3+],8.399435997009277
Cc1c[nH]c([nH+]1)C(=O)N2C[C@H]3[C@@H](C2)OC(=O)N3CCc4cccc(c4)Cl,8.390684127807617
Cc1ccc(s1)c2cc3c(c(c2)OC[C@H]4CCC[N@@H+](C4)C)OCC[N@@H+](C3)Cc5cn(nc5C)C,8.388375282287598
C[N@@H+]1CC[C@@H]([C@H](C1)COc2ccc(cc2)OC)c3ccccc3,8.360654830932617
C[N@H+]1CCCNC(=O)C12CCN(CC2)C(=O)NCCc3ccncc3,8.360654830932617
C[N@H+](C/C=C/c1ccccc1)Cc2nc(no2)c3ccncc3,8.360654830932617
CC(C)[N@H+]1CCN(C[C@H]1C(=O)NC)C(=O)CCc2[nH]c3ccccc3n2,8.360654830932617
CCOCC[N@@H+]1CCc2c(c(no2)c3cccc4c3cccc4)C1,8.360654830932617
CCc1c2cc(ccc2[nH]c1C(=O)NC[C@H](C)n3c(nc(n3)C)C)F,8.354390144348145
CCN(Cc1ccccc1)C(=O)Cn2c3c(cccn3)nc2SCc4cccc(c4)F,8.354390144348145
Cc1cc(c([nH]1)C)C(=O)CN2C(=O)[C@@H](N(C2=O)c3ccc(cc3)F)C,8.354390144348145
c1ccc2c(c1)[C@@H](CCO2)NC(=O)CSc3[nH]nc(n3)COc4ccc(cc4)Cl,8.354390144348145
c1ccc(cc1)N2C[C@@H](CC2=O)Cc3ncc(c(n3)N4CCCC4)F,8.354390144348145
Cc1ccc(cc1)NC(=O)C2=C(NC(=S)N[C@@H]2c3ccc(c(c3)OC)C)c4ccccc4,8.354390144348145
CC(C)[C@@H](c1[nH]c2ccccc2n1)NC(=O)CCCN3C(=O)c4c(nccn4)C3=O,8.354390144348145
COC(=O)[C@@H](Cc1c[nH]c2c1cccc2)NC(=O)[C@H]3Cc4cc(ccc4O3)Cl,8.354390144348145
C=CCN1CC[C@]2(C1=O)CN(C[C@@H]2c3ccccc3)C(=O)[C@H]4CCCO4,8.354390144348145
c1ccc(cc1)C(=O)N2CCN(C[C@@H]2C(=O)N[C@H]3CCCNC3=O)C(=O)C4CCCCC4,8.354390144348145
Cc1nc([nH]n1)[C@H]2CN(CCO2)C(=O)C[C@H]3c4ccccc4CCO3,8.354390144348145
C=CCn1c(nnc1SCC(=O)Nc2cccc(c2)F)Cc3cccs3,8.354390144348145
COc1cc2c(cc1OC)[C@H]([NH2+][C@H](C2)c3cccnc3OC)c4ccc(c(c4)F)F,8.354390144348145
C[C@H](CCn1cccn1)NC(=O)c2csc3n2cc([nH+]3)c4ccccc4F,8.354390144348145
Cc1ccccc1CCc2cc([nH]n2)NC(=O)[C@H]3CCc4c(cn[nH]4)C3,8.354390144348145
c1ccc(cc1)[C@@H](Cn2cccn2)NC(=O)Cn3cc(cc(c3=O)Cl)C(F)(F)F,8.354390144348145
c1cc2c(cc1Cl)c3c([nH]2)[C@@H](CCC3)NC(=O)c4c5c([nH]n4)CCC5,8.354390144348145
CCc1ccc(cc1)n2c(=O)c3c4c(sc3n(c2=O)Cc5ccc(cc5C)C)CCC4,8.354390144348145
Cc1ccc2c(c1)nc([nH]2)[C@H]3CCCCN3C(=O)c4ccc(cc4)n5cnnn5,8.354390144348145
Cc1c[nH+]ccc1N2CCCN(CC2)C(=O)c3cc(c(=O)[nH]c3)Cl,8.354390144348145
CCCCn1cc[nH+]c1[C@H]2CCCN(C2)C(=O)c3c[nH]c(cc3=O)C,8.354390144348145
c1cc(cc(c1)Cl)C(=O)Oc2ccc(cc2)/C=N\NC(=[NH2+])N,8.346161842346191
CCOCCOc1cccc(c1)NC(=O)NC[C@H]2CCCCC[NH2+]2,8.327347755432129
c1ccnc(c1)n2cc(cn2)S(=O)(=O)Nc3ccc4c(c3)OCO4,8.311705589294434
CC1(c2ccccc2N(C1=O)CC(=O)NCc3ccncc3)C,8.311705589294434
COC[C@@H]1CCCN1C(=O)CCc2c3c([nH]n2)CCCC3,8.311705589294434
CCn1cc(ccc1=O)NC(=O)C(=O)NCc2c(cc(cc2C)C)C,8.311705589294434
Cc1nccn1CCCCNC(=O)Nc2ccn(n2)c3ccccc3,8.311705589294434
Cc1nccn1Cc2ccccc2NC(=O)c3cccc(c3)S(=O)(=O)C,8.311705589294434
Cc1cccc(c1)Cc2cccc(n2)[C@H]3CCCN(C3)C(=O)C,8.311705589294434
Cn1cccc(c1=O)NC(=O)CCc2c[nH]c3c2cccc3,8.311705589294434
Cc1cccc(c1C)OCc2[nH]nc(n2)c3ccccc3[N+](=O)[O-],8.311705589294434
Cc1cccc2c1[nH]c(n2)CN(C)C(=O)C[C@H]3CCCOC3,8.311705589294434
c1cc(ccc1C2CCCCC2)NC(=O)CSc3[nH]c(=O)cc(n3)N,8.311705589294434
CCO[C@@H]1CN(C[C@@H]1O)C(=O)CCc2ccccc2OC,8.311705589294434
COCCCNC(=O)c1c(=O)n2c(nn1)N(CC2)c3ccccc3,8.311705589294434
Cc1ccc(c(c1)C)NC(=O)COc2ccc(cc2C)Br,8.311705589294434
CC(C)OCCCNC(=O)[C@H](Cc1ccccc1)NS(=O)(=O)c2ccc3c(c2)CCC(=O)N3,8.311705589294434
C[C@H]1CCCN(C1)C(=O)CSc2nc3ccccc3n2CC(=O)NC(C)(C)C,8.311705589294434
CC[C@@H](C)c1ccc(cc1)OCC[C@@H]2CCC[NH2+]C2,8.311705589294434
CC[C@H](C)NC(=O)c1ccccc1NS(=O)(=O)c2cc(c(cc2C)OC)C(C)C,8.311705589294434
c1ccc2c(c1)c(c[nH]2)NC(=O)NCc3ccccn3,8.311705589294434
c1ccc(cc1)C[NH2+][C@@H]2CC(=O)N(C2=O)Cc3ccccc3,8.311705589294434
c1ccc(c(c1)OCC(=O)Nc2ccc(cc2)N)Cl,8.311705589294434
c1ccc(cc1)CCNC(=O)CSc2nc3ccccc3c(=O)n2NC(=O)Cc4ccccc4,8.311705589294434
CC(C)[C@@H](C(=O)NCc1cccnc1)NC(=O)N2CCN(CC2)c3ccccc3,8.311705589294434
CCCCCCNC(=O)[C@@H](Cc1c[nH]c2c1cccc2)NC(=O)OCC,8.311705589294434
c1ccc(cc1)/C=C\COC(=O)c2c3ccccc3c(=O)[nH]n2,8.311705589294434
Cc1cccc(c1)C(=O)NCCN2C(=O)[C@H](NC2=S)C,8.311705589294434
Cc1cccc(c1)CSCC(=O)NCCCN2CCCc3c2cccc3,8.311705589294434
c1ccc(cc1)CCN(Cc2cccs2)C(=O)Cn3c4ccccc4nn3,8.311705589294434
c1ccc2c(c1)[nH]c(n2)CCC(=O)Nc3ccc4cc[nH]c4c3,8.311705589294434
CCOC(=O)Cc1[nH]nc(n1)COc2ncn(n2)c3ccccc3,8.311705589294434
CN(C)CC[NH2+]Cc1cccc(c1)OCc2ccccc2Cl,8.311705589294434
Cc1cccc(c1C)NC2=C(C(=O)N(C2=O)c3ccccc3Cl)Cl,8.311705589294434
Cc1ccccc1Cn2ccc(n2)NC(=O)c3cccc(c3)Br,8.311705589294434
CC(=O)NCc1ccc(cc1)C(=O)OCc2cccc3c2cc[nH]3,8.311705589294434
COc1ccccc1/C=C/[C@@]2(CC(=O)N2c3ccccc3)C(=O)NC4CCCC4,8.311705589294434
c1ccc2c(c1)cc([nH]2)C(=O)NCCC(=O)Nc3ccccn3,8.311705589294434
c1coc2c1[C@H](CCC2)NC(=O)NCCC3=CCCC3,8.311705589294434
Cc1ccc(cc1)C2(CCOCC2)CNC(=O)c3ccc(s3)C,8.311705589294434
CCn1cc(c(=O)c2c1cccc2)C(=O)Nc3c(cccc3C)C,8.311705589294434
Cc1nc([nH]n1)SCc2ccc(cc2)NC(=O)/C=C/c3ccccc3,8.311705589294434
c1cc(ccc1CSc2nc3c(c(n2)O)nc[nH]3)F,8.29885196685791
c1ccc(c(c1)N)SCC(=O)N2c3ccccc3S[C@H]4[C@H]2C=CC=C4,8.29537582397461
Cc1cccc(c1OC)C(=O)N2CCC(CC2)c3c(cnc(n3)N(C)C)c4cccc(c4)F,8.29537582397461
c1ccc(cc1)Cn2cc3c(n2)[C@@H](OCC3)CNC(=O)Cc4ccc(cc4)C(F)(F)F,8.29537582397461
COc1cc(ccc1O)[C@@H]2C(=C(C(=O)N2Cc3cccnc3)O)C(=O)c4ccc(cc4)F,8.29537582397461
CCN1C(=O)/C(=C/c2cn(c3c2cccc3)CC(=O)N4CCCC[C@@H]4C)/N(C1=S)C,8.29537582397461
c1ccc(cc1)c2c[nH+]c3n2CCN(CC3)C(=O)c4cc(ccc4O)Cl,8.29537582397461
Cc1cc(n(n1)CC(=O)NCc2nnc(n2Cc3ccccc3)SC[C@H]4CCCO4)C,8.29537582397461
Cc1ccc(cc1)[C@H]2C[C@H](n3c(c(c(n3)C(=O)NCc4cccnc4)Cl)N2)C(F)(F)F,8.29537582397461
CCN1[C@@H]([C@@H](CC1=O)CNc2cc[nH+]c3c2cnn3C)c4cccnc4,8.29537582397461
CC\1=NN(C(=O)/C1=C\[NH2+]C[C@H](c2ccccc2)O)c3ccc(cc3)[N+](=O)[O-],8.294492721557617
CC(=O)N[C@@H](CCCC[NH3+])C(=O)Nc1ccc2ccc(=O)oc2c1,8.29104232788086
Cc1cc(ccc1/C=C\2/C(=O)N(/C(=[NH+]/c3ccc(cc3)OC)/S2)CCOC)OC,8.27556324005127
CCc1cc(on1)CNC(=O)c2cccc3c2C(=O)N(C3)C[C@H]4CCCO4,8.27186107635498
c1cc(ccc1Nc2nc3c(c(n2)OCC4CCCCC4)nc[nH]3)S(=O)(=O)N,8.267388343811035
C[N@@H+](CCC(=O)Nc1ccc(cc1OC)OC)Cc2ccccc2,8.255508422851562
CC(C)(C)NC(=O)C[N@@H+]1CCC[C@H](C1)c2ccc(cc2)C(=O)[O-],8.25466251373291
CCC(CC)C(=O)N1[C@H](CC(=N1)c2cccs2)c3ccccc3,8.235595703125
c1ccc(cc1)[C@@H](CNC(=O)CCc2nc3ccccc3c(n2)O)CN4Cc5ccccc5C4=O,8.215300559997559
Cc1cc(cc(c1)NC(=O)c2c3ccccn3c(c2N)C(=O)c4cccc(c4)[N+](=O)[O-])C,8.215300559997559
c1cc(cc(c1)NC(=O)C2=CSCCO2)C(=O)NCCc3c[nH]c4c3cc(cc4)Cl,8.215300559997559
CCOc1cc(cc(c1OCC)I)/C=C\2/C(=O)OC(=N2)c3ccc(cc3)OC,8.215300559997559
Cc1ccc(cc1C)[C@]2(C(=O)N(C(=O)N2)CC(=O)c3ccc(c(c3)F)F)c4ccccc4,8.215300559997559
CC(C)(C(=O)N1C[C@@H]([C@@]2(C1)CCCC(=O)N2)c3cccc(c3)F)NC(=O)Cc4ccc(cc4)F,8.215300559997559
CCOc1cc(ccc1O)/C=C\2/C(=C(N(C2=O)c3cccc(c3)Cl)C)C(=O)OC,8.215300559997559
Cn1cccc1c2cc([nH]n2)C(=O)N3CCc4c5ccccc5[nH]c4[C@@H]3c6ccccc6F,8.215300559997559
Cc1ccc(s1)C[NH2+][C@H]2CC(Cc3c2cnc(n3)N4CCOCC4)(C)C,8.215300559997559
C[C@@H](CCc1cc(cc(c1O)CC=C(C)C)c2c(c(=O)c3c(cc(cc3o2)O)[O-])OC)CO,8.215300559997559
CC\1=NN(C(=O)/C1=C\c2cc(c(c(c2)Cl)O)OC)c3cccc(c3)Cl,8.200174331665039
Cc1ccc2nc3c(cc(n3Cc4ccccc4)C(=O)NCCCn5ccnc5)c(=O)n2c1,8.189091682434082
Cc1cccc(c1C)O[C@@H](C)C(=O)NCCOc2ccccc2,8.171365737915039
C[C@@]12CC[C@@H]3c4ccc(cc4CC[C@H]3[C@@H]1C[C@H]([C@@H]2O)O)OCC(=O)[O-],8.15915584564209
Cc1c(c2ccccc2[nH]1)CC(=O)N3Cc4c([nH]cn4)C[C@@H]3C(=O)[O-],8.15915584564209
c1ccc(cc1)[C@@H]2CC(=C(C(=O)C2)Cl)Nc3ccccc3C(=O)[O-],8.152332305908203
c1ccc2c(c1)c(c[nH]2)/C=N/N3CC(=O)N4Cc5c(c6ccccc6[nH]5)C[C@@H]4C3=O,8.1493501663208
Cc1cc(=O)[nH]c(n1)SCC(=O)Nc2cccc3c2cccc3,8.149210929870605
CCOc1cccc(c1O)/C=N/NC(=S)NC2CCCCC2,8.149210929870605
COc1ccc(cc1)NC(=O)CCCSc2ccc(cc2)Cl,8.149210929870605
C=CCNC(=O)C(=O)Nc1ccccc1C(=O)NCCc2c[nH]c3c2cccc3,8.149210929870605
c1cc(cc2c1cc[nH]2)NC(=O)C(=O)N3CCCC3,8.149210929870605
CCC(=O)N1CCNC(=O)[C@@H]1CC(=O)N2CCN(CC2)c3ccccc3,8.149210929870605
CCc1cc(cs1)C(=O)N(Cc2cccnc2)C[C@H]3CCC(=O)N3,8.149210929870605
Cc1ccc(cc1C)NC(=S)Nc2cccc(c2F)Cl,8.149210929870605
c1cc2cn[nH]c2c(c1)CNc3ccc4c(c3)CCC4,8.149210929870605
Cc1cc(c(n1c2ccccc2OC)C)C[NH2+]CC(C)C,8.149210929870605
Cn1cc(cn1)CCC(=O)NCc2ccc(cc2F)C(F)(F)F,8.149210929870605
c1ccc2c(c1)CCC[C@H]2NC(=O)c3csc4c3CCCC4,8.149210929870605
CC(=O)NCc1cnn(c1)c2ccccc2C(=O)NCCC(=O)N,8.149210929870605
c1cc2c(cc1F)c(c[nH]2)CCNC(=O)NC3CCCCC3,8.149210929870605
c1ccc(cc1)n2cnnc2CNC(=O)NCC3CCC3,8.149210929870605
COc1ccccc1NC(=S)N/N=C/c2cccc(c2)OCc3ccccc3,8.149210929870605
c1ccc2c(c1)[nH]c(n2)NC(=O)Cc3cccc(c3)C(F)(F)F,8.149210929870605
C[C@H](c1[nH]c2ccccc2n1)Oc3ccc(cc3)Cl,8.149210929870605
CCOC(=O)[C@H](Cc1ccccc1)C(=O)Nc2ccc(c(c2)Cl)Cl,8.149210929870605
COc1ccc(c(c1)c2cc3ccccc3[nH]2)OC,8.149210929870605
c1ccc(cc1)CNC(=O)c2cc3c([nH]c2=O)CCC3,8.149210929870605
CCc1ccc(cc1)NCc2cccc3c2cc[nH]3,8.149210929870605
Cc1c2c(cc(n1)C(=O)NCCc3ccccc3)c4ccccc4[nH]2,8.149210929870605
Cc1ccc(cc1)C(=O)[C@@H](NC(=O)c2ccccc2)SCc3ccccc3,8.149210929870605
CC[C@@H](C)c1ccc(cc1)NS(=O)(=O)c2ccc(cc2)C(=O)N,8.149210929870605
c1ccc(cc1)NC(=[NH2+])NC2=[NH+][C@@H](C(=O)N2)CC(=O)Nc3ccc(c(c3)Cl)Cl,8.10572338104248
CCn\1c2ccc(cc2s/c1=N\C(=O)c3ccccc3NS(=O)(=O)c4ccc(cc4)C)C,8.105615615844727
COc1ccc(cc1)NC(=O)N2Cc3c([nH]cn3)C[C@@H]2c4nc(no4)c5cccc(c5)[N+](=O)[O-],8.101876258850098
Cc1ccc(cc1)CN2C(=O)/C(=C\c3cn(c4c3cccc4)CC(=O)Nc5cccc(c5)C)/NC2=O,8.101876258850098
Cc1c(cn(n1)C)CNC(=O)c2c(cn(n2)C34CC5CC(C3)CC(C5)C4)[N+](=O)[O-],8.101876258850098
c1ccc(cc1)c2c(nc[nH]2)C(=O)N[C@H]3CC[C@H]3[NH2+]C4CCOCC4,8.087539672851562
CCCCn1c(c(c(n1)C)NC(=O)c2ccccc2NC(=O)Cc3ccc4c(c3)oc(=O)o4)C,8.052698135375977
CC(C)n1c2c(cn1)c(c3c(n2)c4ccc(cc4o3)O)c5ccc(c(c5)OC)OCC(=O)[O-],8.005311965942383
Cc1ccccc1NC(=O)NCC[C@@H](c2ccccc2)O,7.987961769104004
CCN(Cc1nc(on1)C)C(=O)c2c(c3cc(ccc3[nH]2)C)C,7.965671539306641
c1cc(ccc1NC(=O)N2Cc3c([nH]cn3)C[C@@H]2c4nc(no4)c5ccc6c(c5)OCO6)Cl,7.9509711265563965
Cc1ccc(cc1)CNC(=O)C(=O)NCCc2ccccn2,7.927522659301758
CCOc1ccc(cc1COc2ccccc2C)C(=O)NCc3ccccc3,7.927522659301758
C[C@@H](CCc1ccccc1)NC(=O)/C=C/c2cccc(c2)C(F)(F)F,7.927522659301758
CCCn1c2ccccc2nc1/C=C/c3ccccc3OC,7.927522659301758
CCCCNC(=O)c1ccccc1NC(=O)COc2cccc(c2)C(F)(F)F,7.927522659301758
COc1ccccc1OCCNC(=O)/C=C\c2ccccc2Cl,7.927522659301758
C=CCNC(=O)c1ccccc1NC(=O)COc2cccc3c2CCCC3,7.927522659301758
CCC(=O)N(CCc1ccccc1)[C@H](C)C(=O)NC2CCCCC2,7.927522659301758
CC(C)CNC(=O)CNC(=O)NCC1(CCCC1)C,7.927522659301758
CC[C@H](C)NC(=O)c1ccccc1NC(=O)COc2cccc(c2C)C,7.927522659301758
c1ccc(cc1)COC(=O)c2cc3ccccc3[nH]2,7.927522659301758
c1ccc(cc1)C[NH2+]Cc2ccccc2N,7.927522659301758
c1ccc(cc1)CCC(=O)Nc2cccc(c2)c3ccccc3,7.927522659301758
CCCCNC(=O)c1ccccc1NC(=O)Cc2cccc(c2)Cl,7.927522659301758
c1ccc2c(c1)C[C@H]2CNC(=O)c3ccccc3SCCO,7.927522659301758
Cc1ccc(c(c1)NC(=O)CSCc2ccccc2)C,7.927522659301758
Cn1c(nnc1SCC(=O)Nc2ccccc2O)c3ccc4c(c3)OCO4,7.927522659301758
C[C@H](CCc1ccccc1)NC(=O)c2ccccc2F,7.720633029937744
CCCC(=O)Nc1ccccc1c2[nH]c3ccccc3n2,7.720633029937744
Cc1cccc(c1C)OCC(=O)N[C@@H](CC(C)C)c2ccccc2,7.720633029937744
Cc1cccc(c1)O[C@@H](C)C(=O)Nc2ccc(cc2)C(=O)[O-],7.582878589630127
CCc1ccccc1NC(=O)CSCc2ccccc2Br,7.534721851348877
Cc1ccccc1CNC(=O)C(c2ccccc2)c3ccccc3,7.534721851348877
CC(=O)N[C@H](CCCNC(=[NH2+])N)C(=O)[O-],7.480105400085449
CCCCNC(=O)CC(c1ccccc1)c2ccccc2,7.41010856628418
c1ccc(cc1)CNC(=O)[C@@H]2CC=CC[C@@H]2C(=O)[O-],7.350682735443115
